"participant","round","Phase","hv_cum"
"P01",1,"Sampling",0.023449536
"P01",2,"Sampling",0.211307712
"P01",3,"Sampling",0.211575851666667
"P01",4,"Sampling",0.211575851666667
"P01",5,"Sampling",0.248931093854167
"P01",6,"Sampling",0.248931093854166
"P01",7,"Sampling",0.248931093854166
"P01",8,"Sampling",0.248931093854166
"P01",9,"Sampling",0.3161208318125
"P01",10,"Sampling",0.316120831812499
"P01",11,"Sampling",0.316120831812499
"P01",12,"Sampling",0.31612083181246
"P01",13,"Sampling",0.3161208318125
"P01",14,"Sampling",0.321652246583333
"P01",15,"Sampling",0.321652246583333
"P01",16,"Optimisation",0.321652246583333
"P01",17,"Optimisation",0.321652246583333
"P01",18,"Optimisation",0.321652246583333
"P01",19,"Optimisation",0.321652246583333
"P01",20,"Optimisation",0.321652246583333
"P02",1,"Sampling",0.173931975
"P02",2,"Sampling",0.19758825
"P02",3,"Sampling",0.202517174
"P02",4,"Sampling",0.213217526
"P02",5,"Sampling",0.2273407065
"P02",6,"Sampling",0.227340706500001
"P02",7,"Sampling",0.287912258125
"P02",8,"Sampling",0.296109208791664
"P02",9,"Sampling",0.422344548479156
"P02",10,"Sampling",0.428209364479187
"P02",11,"Sampling",0.432356902479114
"P02",12,"Sampling",0.432356902479285
"P02",13,"Sampling",0.4337893028125
"P02",14,"Sampling",0.4337893028125
"P02",15,"Sampling",0.4337893028125
"P02",16,"Optimisation",0.4337902128125
"P02",17,"Optimisation",0.4353420148125
"P02",18,"Optimisation",0.5120620288125
"P02",19,"Optimisation",0.720414846145833
"P02",20,"Optimisation",0.720414846145833
"P03",1,"Sampling",0.25847667
"P03",2,"Sampling",0.26044057
"P03",3,"Sampling",0.2883988125
"P03",4,"Sampling",0.298911133
"P03",5,"Sampling",0.578559254999999
"P03",6,"Sampling",0.578559254999999
"P03",7,"Sampling",0.600991799999997
"P03",8,"Sampling",0.600991800000005
"P03",9,"Sampling",0.606007623749985
"P03",10,"Sampling",0.606007623750006
"P03",11,"Sampling",0.606309642999953
"P03",12,"Sampling",0.606309643000031
"P03",13,"Sampling",0.6063741325
"P03",14,"Sampling",0.607012576
"P03",15,"Sampling",0.607012576
"P03",16,"Optimisation",0.607012576
"P03",17,"Optimisation",0.60757371625
"P03",18,"Optimisation",0.60757371625
"P03",19,"Optimisation",0.60757371625
"P03",20,"Optimisation",0.60757371625
"P04",1,"Sampling",0.034565454
"P04",2,"Sampling",0.154029670875
"P04",3,"Sampling",0.160371052875
"P04",4,"Sampling",0.2218891455
"P04",5,"Sampling",0.2480490935
"P04",6,"Sampling",0.525817757249999
"P04",7,"Sampling",0.52598038125
"P04",8,"Sampling",0.66314575260417
"P04",9,"Sampling",0.663145752604168
"P04",10,"Sampling",0.663145752604137
"P04",11,"Sampling",0.663145752604152
"P04",12,"Sampling",0.663145752604038
"P04",13,"Sampling",0.663145752604167
"P04",14,"Sampling",0.663145752604167
"P04",15,"Sampling",0.663145752604167
"P04",16,"Optimisation",0.667365564354166
"P04",17,"Optimisation",0.667365564354166
"P04",18,"Optimisation",0.674109569979167
"P04",19,"Optimisation",0.674535732
"P04",20,"Optimisation",0.700241957229166
"P05",1,"Sampling",0.26566008
"P05",2,"Sampling",0.26566008
"P05",3,"Sampling",0.31365413
"P05",4,"Sampling",0.31365413
"P05",5,"Sampling",0.31365413
"P05",6,"Sampling",0.320971129999999
"P05",7,"Sampling",0.320971130000001
"P05",8,"Sampling",0.320971129999996
"P05",9,"Sampling",0.339335399000001
"P05",10,"Sampling",0.497862910999995
"P05",11,"Sampling",0.497862911000064
"P05",12,"Sampling",0.497862910999896
"P05",13,"Sampling",0.497862911
"P05",14,"Sampling",0.497862911
"P05",15,"Sampling",0.498229251
"P05",16,"Optimisation",0.498229251
"P05",17,"Optimisation",0.498650357
"P05",18,"Optimisation",0.498650357
"P05",19,"Optimisation",0.498650357
"P05",20,"Optimisation",0.498650357
"P06",1,"Sampling",0.028177408
"P06",2,"Sampling",0.054050143
"P06",3,"Sampling",0.0739802163333333
"P06",4,"Sampling",0.0842876463333333
"P06",5,"Sampling",0.0861332965208333
"P06",6,"Sampling",0.0861332965208335
"P06",7,"Sampling",0.086133296520833
"P06",8,"Sampling",0.0948178548958323
"P06",9,"Sampling",0.128453283000003
"P06",10,"Sampling",0.140256129250004
"P06",11,"Sampling",0.14025612925002
"P06",12,"Sampling",0.155726561249921
"P06",13,"Sampling",0.220065663
"P06",14,"Sampling",0.220065663
"P06",15,"Sampling",0.25757618475
"P06",16,"Optimisation",0.2864018745
"P06",17,"Optimisation",0.383836268625
"P06",18,"Optimisation",0.383836268625
"P06",19,"Optimisation",0.383836268625
"P06",20,"Optimisation",0.385640418
"P07",1,"Sampling",0.320073264
"P07",2,"Sampling",0.320073264
"P07",3,"Sampling",0.335418365333333
"P07",4,"Sampling",0.337395370666666
"P07",5,"Sampling",0.35582192
"P07",6,"Sampling",0.35582192
"P07",7,"Sampling",0.356145320000001
"P07",8,"Sampling",0.380179289000004
"P07",9,"Sampling",0.384126729666647
"P07",10,"Sampling",0.384126729666676
"P07",11,"Sampling",0.387723019666623
"P07",12,"Sampling",0.387762645000066
"P07",13,"Sampling",0.404474025
"P07",14,"Sampling",0.40546253
"P07",15,"Sampling",0.406257635208333
"P07",16,"Optimisation",0.419729275208333
"P07",17,"Optimisation",0.5018826955
"P07",18,"Optimisation",0.5018826955
"P07",19,"Optimisation",0.5018826955
"P07",20,"Optimisation",0.5063069755
"P08",1,"Sampling",0.0570271185
"P08",2,"Sampling",0.063010827
"P08",3,"Sampling",0.101379465
"P08",4,"Sampling",0.1272447055
"P08",5,"Sampling",0.1340585515
"P08",6,"Sampling",0.143046918999999
"P08",7,"Sampling",0.143046919
"P08",8,"Sampling",0.14368587
"P08",9,"Sampling",0.144127269375002
"P08",10,"Sampling",0.144127269375002
"P08",11,"Sampling",0.144127269374998
"P08",12,"Sampling",0.154228998375011
"P08",13,"Sampling",0.154498715625
"P08",14,"Sampling",0.154498715625
"P08",15,"Sampling",0.157567886625
"P08",16,"Optimisation",0.157567886625
"P08",17,"Optimisation",0.16060929925
"P08",18,"Optimisation",0.16060929925
"P08",19,"Optimisation",0.16060929925
"P08",20,"Optimisation",0.162634072
"P09",1,"Sampling",0.002155024125
"P09",2,"Sampling",0.015302113875
"P09",3,"Sampling",0.106283199875
"P09",4,"Sampling",0.139795269375
"P09",5,"Sampling",0.174041833125
"P09",6,"Sampling",0.174041833125
"P09",7,"Sampling",0.201403887541667
"P09",8,"Sampling",0.293499245541668
"P09",9,"Sampling",0.296075330499998
"P09",10,"Sampling",0.296075330499998
"P09",11,"Sampling",0.308881578833332
"P09",12,"Sampling",0.309206336604181
"P09",13,"Sampling",0.327494361437473
"P09",14,"Sampling",0.3274943614375
"P09",15,"Sampling",0.3274943614375
"P09",16,"Optimisation",0.3274943614375
"P09",17,"Optimisation",0.340137181375
"P09",18,"Optimisation",0.3640773865
"P09",19,"Optimisation",0.403784989770833
"P09",20,"Optimisation",0.499566941354167
"P10",1,"Sampling",0.486598752
"P10",2,"Sampling",0.486598752
"P10",3,"Sampling",0.486598752
"P10",4,"Sampling",0.486598752
"P10",5,"Sampling",0.486598752
"P10",6,"Sampling",0.486598752
"P10",7,"Sampling",0.486598752000001
"P10",8,"Sampling",0.486598752000003
"P10",9,"Sampling",0.486598752000001
"P10",10,"Sampling",0.486598752000024
"P10",11,"Sampling",0.486598752000003
"P10",12,"Sampling",0.48659875200001
"P10",13,"Sampling",0.486598752
"P10",14,"Sampling",0.486598752
"P10",15,"Sampling",0.486598752
"P10",16,"Optimisation",0.486598752
"P10",17,"Optimisation",0.486598752
"P10",18,"Optimisation",0.486598752
"P10",19,"Optimisation",0.50720769
"P10",20,"Optimisation",0.5562737145
"P11",1,"Sampling",0.273556775
"P11",2,"Sampling",0.5400944465
"P11",3,"Sampling",0.541873043375
"P11",4,"Sampling",0.548796361541667
"P11",5,"Sampling",0.578454330208333
"P11",6,"Sampling",0.578454330208334
"P11",7,"Sampling",0.608424537583332
"P11",8,"Sampling",0.608424537583339
"P11",9,"Sampling",0.608424537583335
"P11",10,"Sampling",0.608424537583332
"P11",11,"Sampling",0.628183219458315
"P11",12,"Sampling",0.628183219458279
"P11",13,"Sampling",0.628195787958333
"P11",14,"Sampling",0.628195787958333
"P11",15,"Sampling",0.628532144958333
"P11",16,"Optimisation",0.628532144958333
"P11",17,"Optimisation",0.629913126708333
"P11",18,"Optimisation",0.629913126708333
"P11",19,"Optimisation",0.629913126708333
"P11",20,"Optimisation",0.629913126708333
"P12",1,"Sampling",0.096944211
"P12",2,"Sampling",0.097017975
"P12",3,"Sampling",0.396231820833333
"P12",4,"Sampling",0.399752470833333
"P12",5,"Sampling",0.583567986666666
"P12",6,"Sampling",0.586004968666666
"P12",7,"Sampling",0.592147041999999
"P12",8,"Sampling",0.763361159166665
"P12",9,"Sampling",0.766522780166663
"P12",10,"Sampling",0.767090730999987
"P12",11,"Sampling",0.771355004166718
"P12",12,"Sampling",0.77135500416685
"P12",13,"Sampling",0.771751706666667
"P12",14,"Sampling",0.771751706666667
"P12",15,"Sampling",0.779608221666667
"P12",16,"Optimisation",0.787739705416667
"P12",17,"Optimisation",0.805838859291667
"P12",18,"Optimisation",0.805838859291667
"P12",19,"Optimisation",0.809919884166667
"P12",20,"Optimisation",0.809919884166667
"P13",1,"Sampling",0.0662279625
"P13",2,"Sampling",0.224787693375
"P13",3,"Sampling",0.32895136
"P13",4,"Sampling",0.3881500775
"P13",5,"Sampling",0.40239669375
"P13",6,"Sampling",0.45527906975
"P13",7,"Sampling",0.513610303812504
"P13",8,"Sampling",0.555829776312496
"P13",9,"Sampling",0.588609188187469
"P13",10,"Sampling",0.600139615062574
"P13",11,"Sampling",0.602756707187552
"P13",12,"Sampling",0.602756707187098
"P13",13,"Sampling",0.603079755
"P13",14,"Sampling",0.603079755
"P13",15,"Sampling",0.6214243806875
"P13",16,"Optimisation",0.6214243806875
"P13",17,"Optimisation",0.6666439769375
"P13",18,"Optimisation",0.6679813371875
"P13",19,"Optimisation",0.6679813371875
"P13",20,"Optimisation",0.668232219375
"P14",1,"Sampling",0.017207015625
"P14",2,"Sampling",0.20823077275
"P14",3,"Sampling",0.20823077275
"P14",4,"Sampling",0.20823077275
"P14",5,"Sampling",0.20823077275
"P14",6,"Sampling",0.20823077275
"P14",7,"Sampling",0.20823077275
"P14",8,"Sampling",0.208557947750001
"P14",9,"Sampling",0.225820341500001
"P14",10,"Sampling",0.246562396166665
"P14",11,"Sampling",0.246562396166665
"P14",12,"Sampling",0.246562396166677
"P14",13,"Sampling",0.248528713666659
"P14",14,"Sampling",0.248528713666667
"P14",15,"Sampling",0.248528713666667
"P14",16,"Optimisation",0.248528713666667
"P14",17,"Optimisation",0.248528713666667
"P14",18,"Optimisation",0.280658055666667
"P14",19,"Optimisation",0.280658055666667
"P14",20,"Optimisation",0.335606908791667
"P15",1,"Sampling",0.0254211234375
"P15",2,"Sampling",0.1354352984375
"P15",3,"Sampling",0.1702613
"P15",4,"Sampling",0.18605296625
"P15",5,"Sampling",0.18647422625
"P15",6,"Sampling",0.186791729000001
"P15",7,"Sampling",0.1868217975
"P15",8,"Sampling",0.19401511325
"P15",9,"Sampling",0.21960786399999
"P15",10,"Sampling",0.292514402625024
"P15",11,"Sampling",0.292514402624924
"P15",12,"Sampling",0.369783376250069
"P15",13,"Sampling",0.36978337625
"P15",14,"Sampling",0.36978337625
"P15",15,"Sampling",0.36978337625
"P15",16,"Optimisation",0.3834447
"P15",17,"Optimisation",0.398075228
"P15",18,"Optimisation",0.434395988
"P15",19,"Optimisation",0.443980044
"P15",20,"Optimisation",0.443980044
"P16",1,"Sampling",0.0578029725
"P16",2,"Sampling",0.11330935
"P16",3,"Sampling",0.114367855
"P16",4,"Sampling",0.114382285
"P16",5,"Sampling",0.1725826025
"P16",6,"Sampling",0.174368233583334
"P16",7,"Sampling",0.183398293583333
"P16",8,"Sampling",0.183398293583332
"P16",9,"Sampling",0.183590099999997
"P16",10,"Sampling",0.187096927187518
"P16",11,"Sampling",0.187393258437492
"P16",12,"Sampling",0.187393258437474
"P16",13,"Sampling",0.1882208503125
"P16",14,"Sampling",0.218957744354167
"P16",15,"Sampling",0.218957744354167
"P16",16,"Optimisation",0.219064119729167
"P16",17,"Optimisation",0.232274362895833
"P16",18,"Optimisation",0.232274362895833
"P16",19,"Optimisation",0.25020105425
"P16",20,"Optimisation",0.25020105425
