participant,setup,user_id,condition,group,round,phase,isPareto,route,endedAt,driveDurationS,durationInclSurveyS,avgSpeedKmh,maxSpeedKmh,collisions,maxStuckS,energyKwh100km,avgEcoScore,taskLoad,acceptance,size_leaf_norm,size_score_norm,size_feedback_norm,size_speed_norm,size_accel_norm,size_labels_norm,opacity_norm,tlxMental,tlxDistraction,accInformed,accPleasant,accGlance,size_leaf_phys,size_score_phys,size_feedback_phys,size_speed_phys,size_accel_phys,size_labels_phys,opacity_phys,visible_leaf,visible_score,visible_feedback,visible_accel,visible_labels,speed_alpha
P01,motion,-1,-1,-1,1,sampling,False,R1 215m Draycott Place,19:35:03,71,108.4,10.7,46.0,1,0.0,27.87,55.8,60.0,46.7,0.8087,0.4289,0.8848,0.5643,0.3497,0.8625,0.0335,60.0,60.0,20.0,60.0,60.0,1.0513,0.5576,1.1502,0.995,0.4546,1.1213,0.1302,True,False,True,False,True,0.4
P01,motion,-1,-1,-1,2,sampling,True,R2 165m Cliveden Place,19:35:42,20,39.3,28.0,47.3,0,0.0,34.61,68.9,25.0,71.7,0.176,0.0085,0.82,0.2319,0.3719,0.8007,0.5346,20.0,30.0,70.0,80.0,65.0,0.2288,0.0111,1.066,0.7623,0.4835,1.0409,0.5811,False,False,True,False,True,0.5811
P01,motion,-1,-1,-1,3,sampling,False,R3 283m Basil Street → Hans Road → Brompton Road,19:36:59,59,77.1,16.7,43.4,3,0.0,31.91,39.9,55.0,41.7,0.0983,0.6085,0.6729,0.5727,0.5574,0.48,0.3324,75.0,35.0,35.0,35.0,55.0,0.1278,0.7911,0.8748,1.0009,0.7246,0.624,0.3992,False,True,True,True,True,0.4
P01,motion,-1,-1,-1,4,sampling,False,R7 170m Astell Street → Burnsall Street → King's Road,19:39:34,135,155.0,13.9,49.8,20,0.0,35.57,29.6,47.5,26.7,0.4571,0.8494,0.551,0.0187,0.9873,0.5303,0.9471,85.0,10.0,10.0,15.0,55.0,0.5942,1.1042,0.7163,0.6131,1.2835,0.6894,0.9524,False,True,True,True,True,0.9524
P01,motion,-1,-1,-1,5,sampling,True,R1 215m Draycott Place,19:40:52,65,78.1,11.7,46.2,0,0.0,38.8,53.4,37.5,75.0,0.8637,0.7228,0.3108,0.1549,0.8932,0.1259,0.6839,45.0,30.0,75.0,75.0,75.0,1.1228,0.9396,0.404,0.7084,1.1612,0.1637,0.7155,True,True,False,True,False,0.7155
P01,motion,-1,-1,-1,6,sampling,False,R2 165m Cliveden Place,19:41:21,17,28.6,33.5,51.1,0,0.0,40.11,64.5,37.5,53.3,0.6111,0.6497,0.045,0.5087,0.1985,0.4667,0.4387,35.0,40.0,40.0,55.0,65.0,0.7944,0.8446,0.0585,0.9561,0.2581,0.6067,0.4948,True,True,False,False,True,0.4948
P01,motion,-1,-1,-1,7,sampling,False,R3 283m Basil Street → Hans Road → Brompton Road,19:42:40,63,78.5,16.1,47.3,5,0.0,34.94,31.3,27.5,28.3,0.0211,0.9948,0.0863,0.5216,0.8973,0.1019,0.9121,40.0,15.0,40.0,10.0,35.0,0.0274,1.2932,0.1122,0.9651,1.1665,0.1325,0.9209,False,True,False,True,False,0.9209
P01,motion,-1,-1,-1,8,sampling,False,R7 170m Astell Street → Burnsall Street → King's Road,19:44:03,61,83.2,9.5,37.2,2,0.0,36.22,30.2,42.5,36.7,0.0851,0.5291,0.7216,0.2686,0.7064,0.5343,0.9996,45.0,40.0,40.0,20.0,50.0,0.1106,0.6878,0.9381,0.788,0.9183,0.6946,0.9996,False,True,True,True,True,0.9996
P01,motion,-1,-1,-1,9,sampling,True,R1 215m Draycott Place,19:44:43,28,40.3,26.4,45.9,0,0.0,31.01,53.8,32.5,80.0,0.9528,0.6658,0.0662,0.7732,0.382,0.5947,0.5822,45.0,20.0,65.0,90.0,85.0,1.2386,0.8655,0.0861,1.1412,0.4966,0.7731,0.624,True,True,False,False,True,0.624
P01,motion,-1,-1,-1,10,sampling,False,R2 165m Cliveden Place,19:45:40,16,56.3,36.4,53.2,2,0.0,38.33,56.6,42.5,43.3,0.41,0.6246,0.877,0.6959,0.1006,0.3543,0.4024,45.0,40.0,55.0,35.0,40.0,0.533,0.812,1.1401,1.0871,0.1308,0.4606,0.4622,False,True,True,False,False,0.4622
P01,motion,-1,-1,-1,11,sampling,False,R3 283m Basil Street → Hans Road → Brompton Road,19:46:42,48,62.0,20.5,47.7,2,0.0,35.79,40.5,52.5,26.7,0.1676,0.9122,0.2987,0.7658,0.578,0.7206,0.3371,70.0,35.0,30.0,10.0,40.0,0.2179,1.1859,0.3883,1.1361,0.7514,0.9368,0.4034,False,True,False,True,True,0.4034
P01,motion,-1,-1,-1,12,sampling,False,R7 170m Astell Street → Burnsall Street → King's Road,19:48:05,69,82.9,10.3,38.9,10,0.0,53.64,18.8,50.0,53.3,0.9981,0.7637,0.4114,0.9977,0.208,0.2351,0.6782,60.0,40.0,35.0,65.0,60.0,1.2975,0.9928,0.5348,1.2984,0.2704,0.3056,0.7104,True,True,False,False,False,0.7104
P01,motion,-1,-1,-1,13,sampling,False,R1 215m Draycott Place,19:48:51,34,46.4,22.3,51.0,1,0.0,43.63,32.9,47.5,43.3,0.9897,0.5325,0.6964,0.129,0.9317,0.548,0.8717,40.0,55.0,40.0,40.0,50.0,1.2866,0.6923,0.9053,0.6903,1.2112,0.7124,0.8845,True,True,True,True,True,0.8845
P01,motion,-1,-1,-1,14,sampling,True,R2 165m Cliveden Place,19:49:28,19,36.6,30.0,37.6,0,0.0,27.74,68.0,35.0,73.3,0.0801,0.2241,0.5455,0.658,0.3532,0.2911,0.1121,35.0,35.0,70.0,80.0,70.0,0.1041,0.2913,0.7092,1.0606,0.4592,0.3784,0.2009,False,False,True,False,False,0.4
P01,motion,-1,-1,-1,15,sampling,False,R3 283m Basil Street → Hans Road → Brompton Road,19:50:55,77,86.7,13.3,52.3,5,0.0,34.9,29.6,27.5,25.0,0.0323,0.2529,0.4021,0.4592,0.9921,0.4301,0.2983,30.0,25.0,30.0,25.0,20.0,0.042,0.3288,0.5227,0.9214,1.2897,0.5591,0.3685,False,False,False,True,False,0.4
P01,motion,-1,-1,-1,16,optimization,False,R7 170m Astell Street → Burnsall Street → King's Road,19:52:15,32,42.3,18.3,44.0,3,0.0,41.58,41.5,40.0,65.0,0.8963,0.7365,0.0071,0.4848,0.6278,0.4274,0.8299,40.0,40.0,70.0,80.0,45.0,1.1652,0.9575,0.0092,0.9394,0.8161,0.5556,0.8469,True,True,False,True,False,0.8469
P01,motion,-1,-1,-1,17,optimization,False,R1 215m Draycott Place,19:53:38,30,41.6,25.1,54.3,0,0.0,38.39,36.4,40.0,50.0,0.9433,0.5707,0.0,0.7342,0.3851,0.7614,0.1889,40.0,40.0,40.0,70.0,40.0,1.2263,0.7419,0.0,1.1139,0.5006,0.9898,0.27,True,True,False,False,True,0.4
P01,motion,-1,-1,-1,18,optimization,False,R2 165m Cliveden Place,19:55:06,33,44.7,17.7,53.6,1,0.0,52.67,26.7,40.0,51.7,0.9154,0.6345,0.1596,0.4237,0.6307,0.1041,0.6042,35.0,45.0,25.0,75.0,55.0,1.19,0.8248,0.2075,0.8966,0.8199,0.1353,0.6438,True,True,False,True,False,0.6438
P01,motion,-1,-1,-1,19,optimization,False,R3 283m Basil Street → Hans Road → Brompton Road,19:56:35,36,47.7,27.1,49.7,4,0.0,34.16,44.3,37.5,61.7,1.0,0.8935,0.0,0.8099,0.473,0.5317,0.6016,35.0,40.0,55.0,65.0,65.0,1.3,1.1616,0.0,1.1669,0.6149,0.6912,0.6414,True,True,False,True,True,0.6414
P01,motion,-1,-1,-1,20,optimization,False,R7 170m Astell Street → Burnsall Street → King's Road,19:58:20,48,61.7,11.8,37.5,1,0.0,35.76,29.2,35.0,73.3,1.0,0.6193,0.0983,0.8431,0.3116,0.6615,0.6243,35.0,35.0,65.0,90.0,65.0,1.3,0.8051,0.1278,1.1902,0.4051,0.8599,0.6619,True,True,False,False,True,0.6619
P01,motion,-1,-1,-1,21,finaldesign,,R1 215m Draycott Place,19:59:09,34,48.8,22.2,51.9,4,0.0,44.35,45.7,52.5,60.0,0.953,0.666,0.066,0.773,0.382,0.595,0.582,40.0,65.0,70.0,60.0,50.0,1.2389,0.8658,0.0858,1.1411,0.4966,0.7735,0.6238,True,True,False,False,True,0.6238
P02,motion,2,v1,Study,1,sampling,True,R1 215m Draycott Place,14:01:51,84,114.7,9.0,53.5,0,0.0,39.57,85.6,40.0,73.3,0.5973,0.8577,0.5692,0.2212,0.2661,0.2439,0.5064,40.0,40.0,75.0,75.0,70.0,0.7765,1.115,0.74,0.7548,0.3459,0.3171,0.5558,True,True,True,False,False,0.5558
P02,motion,2,v1,Study,2,sampling,False,R2 165m Cliveden Place,14:02:32,14,41.3,40.7,53.9,0,0.0,44.86,50.9,40.0,76.7,0.0951,0.0604,0.6446,0.5004,0.444,0.0654,0.2504,40.0,40.0,75.0,80.0,75.0,0.1236,0.0785,0.838,0.9503,0.5772,0.085,0.3254,False,False,True,False,False,0.4
P02,motion,2,v1,Study,3,sampling,True,R3 283m Basil Street → Hans Road → Brompton Road,14:04:00,58,87.7,18.3,53.2,7,0.0,41.67,29.4,37.5,65.0,0.8431,0.0584,0.0203,0.4114,0.0315,0.5507,0.5641,30.0,45.0,60.0,65.0,70.0,1.096,0.0759,0.0264,0.888,0.041,0.7159,0.6077,True,False,False,False,True,0.6077
P02,motion,2,v1,Study,4,sampling,False,R7 170m Astell Street → Burnsall Street → King's Road,14:05:07,43,66.9,13.0,43.8,3,0.0,58.54,31.0,30.0,61.7,0.7228,0.9184,0.0984,0.94,0.7109,0.8364,0.009,30.0,30.0,60.0,65.0,60.0,0.9396,1.1939,0.1279,1.258,0.9242,1.0873,0.1081,True,True,False,True,True,0.4
P02,motion,2,v1,Study,5,sampling,True,R1 215m Draycott Place,14:05:49,19,42.3,39.9,53.6,0,0.0,37.15,52.8,27.5,65.0,0.8901,0.5084,0.9877,0.122,0.7411,0.2749,0.6559,35.0,20.0,65.0,75.0,55.0,1.1571,0.6609,1.284,0.6854,0.9634,0.3574,0.6903,True,True,True,True,False,0.6903
P02,motion,2,v1,Study,6,sampling,False,R2 165m Cliveden Place,14:06:30,16,40.8,36.3,54.1,0,0.0,45.43,56.9,50.0,71.7,0.7382,0.1209,0.8417,0.4911,0.6271,0.5203,0.8415,35.0,65.0,75.0,80.0,60.0,0.9597,0.1572,1.0942,0.9438,0.8152,0.6764,0.8574,True,False,True,True,True,0.8574
P02,motion,2,v1,Study,7,sampling,False,R3 283m Basil Street → Hans Road → Brompton Road,14:07:53,56,82.5,19.3,52.3,8,0.0,45.61,31.1,32.5,81.7,0.6509,0.1315,0.3354,0.0013,0.6004,0.9529,0.4764,30.0,35.0,70.0,90.0,85.0,0.8462,0.171,0.436,0.6009,0.7805,1.2388,0.5288,True,False,False,True,True,0.5288
P02,motion,2,v1,Study,8,sampling,False,R7 170m Astell Street → Burnsall Street → King's Road,14:09:49,94,115.9,8.2,50.5,16,0.0,44.18,22.2,22.5,61.7,0.458,0.5242,0.888,0.7993,0.3327,0.1975,0.5207,40.0,5.0,65.0,65.0,55.0,0.5954,0.6815,1.1544,1.1595,0.4325,0.2568,0.5686,False,True,True,False,False,0.5686
P02,motion,2,v1,Study,9,sampling,True,R1 215m Draycott Place,14:10:34,18,44.9,41.6,53.6,7,0.0,42.63,52.9,20.0,90.0,0.5948,0.671,0.3287,0.7557,0.4604,0.6753,0.8623,20.0,20.0,70.0,100.0,100.0,0.7732,0.8723,0.4273,1.129,0.5985,0.8779,0.8761,True,True,False,False,True,0.8761
P02,motion,2,v1,Study,10,sampling,False,R2 165m Cliveden Place,14:11:27,31,53.0,22.7,54.2,3,0.0,54.38,34.1,20.0,80.0,0.9389,0.9517,0.5782,0.9204,0.4124,0.5164,0.4758,20.0,20.0,75.0,85.0,80.0,1.2206,1.2372,0.7517,1.2443,0.5361,0.6713,0.5282,True,True,True,False,True,0.5282
P02,motion,2,v1,Study,11,sampling,True,R3 283m Basil Street → Hans Road → Brompton Road,14:12:34,42,66.8,26.7,52.8,14,0.0,44.03,40.6,22.5,85.0,0.1953,0.3688,0.7705,0.6647,0.5689,0.481,0.4598,20.0,25.0,75.0,90.0,90.0,0.2539,0.4794,1.0016,1.0653,0.7396,0.6253,0.5138,False,False,True,True,True,0.5138
P02,motion,2,v1,Study,12,sampling,False,R7 170m Astell Street → Burnsall Street → King's Road,14:13:46,57,71.7,18.2,49.0,11,0.0,45.52,29.8,25.0,80.0,0.5623,0.9395,0.5743,0.762,0.0932,0.5492,0.0332,20.0,30.0,70.0,85.0,85.0,0.731,1.2213,0.7466,1.1334,0.1212,0.714,0.1299,True,True,True,False,True,0.4
P02,motion,2,v1,Study,13,sampling,True,R1 215m Draycott Place,14:14:28,18,42.6,41.8,53.6,0,0.0,37.95,50.1,60.0,76.7,0.2574,0.9926,0.8461,0.0039,0.3035,0.3837,0.7103,40.0,80.0,70.0,80.0,80.0,0.3346,1.2904,1.0999,0.6027,0.3946,0.4988,0.7393,False,True,True,False,False,0.7393
P02,motion,2,v1,Study,14,sampling,False,R2 165m Cliveden Place,14:15:04,15,36.0,38.0,54.0,2,0.0,44.15,53.9,32.5,81.7,0.7135,0.3973,0.9299,0.9288,0.2887,0.7616,0.2663,40.0,25.0,75.0,85.0,85.0,0.9276,0.5165,1.2089,1.2502,0.3753,0.9901,0.3397,True,False,True,False,True,0.4
P02,motion,2,v1,Study,15,sampling,False,R3 283m Basil Street → Hans Road → Brompton Road,14:16:45,80,100.9,14.7,52.4,14,0.0,54.6,27.4,65.0,50.0,0.6459,0.7994,0.9244,0.6415,0.1746,0.5186,0.4579,60.0,70.0,70.0,40.0,40.0,0.8397,1.0392,1.2017,1.0491,0.227,0.6742,0.5121,True,True,True,False,True,0.5121
P02,motion,2,v1,Study,16,optimization,True,R7 170m Astell Street → Burnsall Street → King's Road,14:20:04,70,128.0,8.8,50.4,9,0.0,43.92,54.5,35.0,73.3,0.6187,0.8153,0.4134,0.9445,0.6565,0.6774,0.8963,35.0,35.0,75.0,75.0,70.0,0.8043,1.0599,0.5374,1.2611,0.8535,0.8806,0.9067,True,True,False,True,True,0.9067
P02,motion,2,v1,Study,17,optimization,True,R1 215m Draycott Place,14:22:20,20,53.7,37.9,53.7,0,0.0,37.88,54.2,50.0,76.7,0.2515,0.4696,0.7349,0.6737,0.4703,0.7529,0.8648,40.0,60.0,60.0,70.0,100.0,0.327,0.6105,0.9554,1.0716,0.6114,0.9788,0.8783,False,True,True,True,True,0.8783
P02,motion,2,v1,Study,18,optimization,False,R2 165m Cliveden Place,14:25:46,72,97.7,13.4,53.7,15,0.0,52.73,26.1,12.5,88.3,0.2539,0.2851,0.7084,0.7208,0.6093,0.3708,0.3263,15.0,10.0,85.0,80.0,100.0,0.3301,0.3706,0.9209,1.1046,0.7921,0.482,0.3937,False,False,True,True,False,0.4
P02,motion,2,v1,Study,19,optimization,True,R3 283m Basil Street → Hans Road → Brompton Road,14:29:10,77,95.0,13.6,49.9,10,0.0,45.15,31.4,0.0,100.0,0.646,0.4612,0.2787,0.7158,0.4223,0.8232,0.845,0.0,0.0,100.0,100.0,100.0,0.8398,0.5996,0.3623,1.1011,0.549,1.0702,0.8605,True,False,False,False,True,0.8605
P02,motion,2,v1,Study,20,optimization,False,R7 170m Astell Street → Burnsall Street → King's Road,14:32:07,73,90.7,9.0,44.1,8,0.0,52.93,26.5,15.0,88.3,0.2566,0.4353,0.2603,0.7435,0.4171,0.7368,0.9044,15.0,15.0,65.0,100.0,100.0,0.3336,0.5659,0.3384,1.1204,0.5422,0.9578,0.914,False,False,False,False,True,0.914
P02,motion,2,v1,Study,21,finaldesign,,R1 215m Draycott Place,14:32:51,29,43.7,25.8,53.5,0,0.0,38.68,63.6,0.0,100.0,0.646,0.461,0.279,0.716,0.422,0.823,0.845,0.0,0.0,100.0,100.0,100.0,0.8398,0.5993,0.3627,1.1012,0.5486,1.0699,0.8605,True,False,False,False,True,0.8605
P03,motion,3,v1,Study,1,sampling,True,R1 215m Draycott Place,16:32:58,131,229.6,5.8,38.9,4,0.0,37.37,22.3,50.0,88.3,0.3378,0.9983,0.9914,0.3836,0.6426,0.8436,0.2648,25.0,75.0,90.0,90.0,85.0,0.4391,1.2978,1.2888,0.8685,0.8354,1.0967,0.3383,False,True,True,True,True,0.4
P03,motion,3,v1,Study,2,sampling,False,R2 165m Cliveden Place,16:34:23,25,84.9,23.8,50.7,3,0.0,51.8,58.1,47.5,50.0,0.4678,0.4002,0.1365,0.0313,0.87,0.4997,0.7401,70.0,25.0,60.0,50.0,40.0,0.6081,0.5203,0.1775,0.6219,1.131,0.6496,0.7661,True,False,False,True,True,0.7661
P03,motion,3,v1,Study,3,sampling,True,R3 283m Basil Street → Hans Road → Brompton Road,16:36:16,68,112.8,15.4,47.2,4,0.0,34.81,37.9,30.0,65.0,0.9558,0.0258,0.4746,0.2971,0.4434,0.6079,0.1231,40.0,20.0,80.0,90.0,25.0,1.2425,0.0335,0.617,0.808,0.5764,0.7903,0.2108,True,False,True,False,True,0.4
P03,motion,3,v1,Study,4,sampling,False,R7 170m Astell Street → Burnsall Street → King's Road,16:39:04,112,167.9,6.2,29.5,13,0.0,44.05,20.0,40.0,65.0,0.8331,0.6163,0.4329,0.1385,0.1136,0.7325,0.902,40.0,40.0,65.0,70.0,60.0,1.083,0.8012,0.5628,0.6969,0.1477,0.9523,0.9118,True,True,False,False,True,0.9118
P03,motion,3,v1,Study,5,sampling,True,R1 215m Draycott Place,16:40:20,37,76.1,20.5,48.1,1,0.0,37.9,44.9,10.0,95.0,0.7922,0.2944,0.3431,0.2498,0.2318,0.8062,0.5256,15.0,5.0,95.0,90.0,100.0,1.0299,0.3827,0.446,0.7749,0.3013,1.0481,0.573,True,False,False,False,True,0.573
P03,motion,3,v1,Study,6,sampling,False,R2 165m Cliveden Place,16:41:38,34,77.9,18.7,51.7,1,0.0,58.43,38.3,47.5,81.7,0.3696,0.2503,0.9968,0.7651,0.0865,0.179,0.8507,40.0,55.0,90.0,65.0,90.0,0.4805,0.3254,1.2958,1.1356,0.1124,0.2327,0.8656,False,False,True,False,False,0.8656
P03,motion,3,v1,Study,7,sampling,True,R3 283m Basil Street → Hans Road → Brompton Road,16:43:58,100,139.5,10.2,51.1,3,0.0,39.22,26.2,25.0,91.7,0.8185,0.0803,0.623,0.8324,0.8688,0.9229,0.9794,20.0,30.0,90.0,95.0,90.0,1.064,0.1044,0.8099,1.1827,1.1294,1.1998,0.9815,True,False,True,True,True,0.9815
P03,motion,3,v1,Study,8,sampling,False,R7 170m Astell Street → Burnsall Street → King's Road,16:46:18,103,140.4,6.8,37.5,7,0.0,38.45,20.4,32.5,61.7,0.4913,0.0865,0.9161,0.2505,0.0735,0.5106,0.8168,35.0,30.0,70.0,60.0,55.0,0.6387,0.1124,1.1909,0.7753,0.0955,0.6638,0.8351,True,False,True,False,True,0.8351
P03,motion,3,v1,Study,9,sampling,True,R1 215m Draycott Place,16:47:28,31,69.2,24.1,50.4,2,0.0,43.84,41.4,55.0,71.7,0.8712,0.7013,0.2842,0.7187,0.5438,0.2586,0.6193,55.0,55.0,100.0,70.0,45.0,1.1326,0.9117,0.3695,1.1031,0.7069,0.3362,0.6574,True,True,False,True,False,0.6574
P03,motion,3,v1,Study,10,sampling,False,R2 165m Cliveden Place,16:48:42,18,74.7,30.9,51.3,1,0.0,46.41,64.1,50.0,63.3,0.5732,0.9354,0.3553,0.4103,0.6405,0.7869,0.9559,40.0,60.0,80.0,65.0,45.0,0.7452,1.216,0.4619,0.8872,0.8327,1.023,0.9603,True,True,False,True,True,0.9603
P03,motion,3,v1,Study,11,sampling,True,R3 283m Basil Street → Hans Road → Brompton Road,16:50:00,45,78.0,22.1,48.7,4,0.0,36.5,44.5,52.5,63.3,0.617,0.791,0.4684,0.3732,0.2653,0.1257,0.5428,40.0,65.0,85.0,60.0,45.0,0.8021,1.0283,0.6089,0.8612,0.3449,0.1634,0.5885,True,True,True,False,False,0.5885
P03,motion,3,v1,Study,12,sampling,False,R7 170m Astell Street → Burnsall Street → King's Road,16:51:14,38,73.5,15.6,38.8,3,0.0,51.5,29.4,42.5,60.0,0.1036,0.5829,0.8622,0.3217,0.9198,0.0123,0.7312,40.0,45.0,75.0,60.0,45.0,0.1347,0.7578,1.1209,0.8252,1.1957,0.016,0.7581,False,True,True,True,False,0.7581
P03,motion,3,v1,Study,13,sampling,False,R1 215m Draycott Place,16:52:20,30,65.6,25.3,52.3,1,0.0,36.19,50.1,32.5,41.7,0.1668,0.6498,0.2918,0.5361,0.993,0.5503,0.0366,40.0,25.0,45.0,45.0,35.0,0.2168,0.8447,0.3793,0.9753,1.2909,0.7154,0.1329,False,True,False,True,True,0.4
P03,motion,3,v1,Study,14,sampling,True,R2 165m Cliveden Place,16:53:07,19,47.3,30.8,48.9,1,0.0,34.89,69.6,27.5,53.3,0.858,0.812,0.4343,0.463,0.4244,0.8007,0.2659,30.0,25.0,60.0,55.0,45.0,1.1154,1.0556,0.5646,0.9241,0.5517,1.0409,0.3393,True,True,False,False,True,0.4
P03,motion,3,v1,Study,15,sampling,False,R3 283m Basil Street → Hans Road → Brompton Road,16:54:40,63,93.0,16.3,49.1,3,0.0,38.21,35.1,52.5,60.0,0.9788,0.658,0.6187,0.823,0.3477,0.4655,0.3834,40.0,65.0,75.0,60.0,45.0,1.2724,0.8554,0.8043,1.1761,0.452,0.6052,0.4451,True,True,True,False,True,0.4451
P03,motion,3,v1,Study,16,optimization,False,R7 170m Astell Street → Burnsall Street → King's Road,16:56:48,49,79.3,13.0,42.8,6,0.0,44.22,27.7,17.5,65.0,0.8826,0.2742,0.2813,0.4829,0.0818,0.9043,0.5537,25.0,10.0,55.0,55.0,85.0,1.1474,0.3565,0.3657,0.938,0.1063,1.1756,0.5983,True,False,False,False,True,0.5983
P03,motion,3,v1,Study,17,optimization,True,R1 215m Draycott Place,16:58:52,41,74.0,18.6,52.4,2,0.0,32.55,44.1,57.5,45.0,0.4188,0.3276,0.1958,0.255,0.2678,0.7845,0.3147,55.0,60.0,55.0,45.0,35.0,0.5444,0.4259,0.2545,0.7785,0.3481,1.0198,0.3832,False,False,False,False,True,0.4
P03,motion,3,v1,Study,18,optimization,False,R2 165m Cliveden Place,17:00:32,17,43.8,32.7,52.8,0,0.0,42.03,63.9,32.5,71.7,0.7954,0.211,0.3954,0.7377,0.7073,0.8695,0.4347,25.0,40.0,80.0,70.0,65.0,1.034,0.2743,0.514,1.1164,0.9195,1.1304,0.4912,True,False,False,True,True,0.4912
P03,motion,3,v1,Study,19,optimization,False,R3 283m Basil Street → Hans Road → Brompton Road,17:03:12,67,98.3,14.6,47.0,5,0.0,42.07,29.4,12.5,83.3,0.7748,0.247,0.3992,0.1832,0.103,0.8605,0.4524,10.0,15.0,80.0,85.0,85.0,1.0072,0.3211,0.519,0.7282,0.1339,1.1187,0.5072,True,False,False,False,True,0.5072
P03,motion,3,v1,Study,20,optimization,False,R7 170m Astell Street → Burnsall Street → King's Road,17:05:20,45,70.2,12.5,38.2,0,0.0,48.67,27.8,15.0,90.0,0.8414,0.1274,0.4574,0.2518,0.4529,0.847,0.5304,15.0,15.0,90.0,90.0,90.0,1.0938,0.1656,0.5946,0.7763,0.5888,1.1011,0.5774,True,False,False,False,True,0.5774
P03,motion,3,v1,Study,21,finaldesign,,R1 215m Draycott Place,17:06:26,40,66.6,18.7,50.0,1,0.0,44.11,56.0,7.5,88.3,0.792,0.294,0.343,0.25,0.232,0.806,0.526,5.0,10.0,85.0,90.0,90.0,1.0296,0.3822,0.4459,0.775,0.3016,1.0478,0.5734,True,False,False,False,True,0.5734
P04,motion,4,v1,Study,1,sampling,False,R1 215m Draycott Place,15:18:14,102,239.2,7.5,39.9,1,0.0,33.62,54.4,32.5,50.0,0.4512,0.1917,0.0097,0.0877,0.4382,0.0349,0.7886,50.0,15.0,15.0,55.0,80.0,0.5866,0.2492,0.0126,0.6614,0.5697,0.0454,0.8097,False,False,False,False,False,0.8097
P04,motion,4,v1,Study,2,sampling,False,R2 165m Cliveden Place,15:19:37,27,82.8,21.3,45.6,0,0.0,38.51,62.6,25.0,65.0,0.3937,0.9119,0.5629,0.0393,0.7248,0.12,0.9103,35.0,15.0,60.0,60.0,75.0,0.5118,1.1855,0.7318,0.6275,0.9422,0.156,0.9193,False,True,True,True,False,0.9193
P04,motion,4,v1,Study,3,sampling,False,R3 283m Basil Street → Hans Road → Brompton Road,15:22:00,68,143.7,15.3,39.2,6,0.0,27.15,46.6,30.0,51.7,0.6556,0.9654,0.261,0.4914,0.9744,0.4852,0.0168,20.0,40.0,50.0,60.0,45.0,0.8523,1.255,0.3393,0.944,1.2667,0.6308,0.1151,True,True,False,True,True,0.4
P04,motion,4,v1,Study,4,sampling,True,R7 170m Astell Street → Burnsall Street → King's Road,15:23:43,50,102.5,11.4,26.8,2,0.0,20.88,40.0,10.0,63.3,0.597,0.0838,0.1079,0.751,0.3957,0.8884,0.1771,10.0,10.0,55.0,45.0,90.0,0.7761,0.1089,0.1403,1.1257,0.5144,1.1549,0.2594,True,False,False,False,True,0.4
P04,motion,4,v1,Study,5,sampling,False,R1 215m Draycott Place,15:25:12,44,88.9,17.1,39.5,2,0.0,29.8,45.9,22.5,63.3,0.2828,0.2076,0.184,0.3875,0.8809,0.8399,0.25,30.0,15.0,65.0,65.0,60.0,0.3676,0.2699,0.2392,0.8713,1.1452,1.0919,0.325,False,False,False,True,True,0.4
P04,motion,4,v1,Study,6,sampling,False,R2 165m Cliveden Place,15:26:14,24,61.7,24.2,38.2,0,0.0,26.87,68.1,10.0,88.3,0.4938,0.6866,0.9192,0.8437,0.5654,0.8214,0.573,10.0,10.0,90.0,90.0,85.0,0.6419,0.8926,1.195,1.1906,0.735,1.0678,0.6157,True,True,True,True,True,0.6157
P04,motion,4,v1,Study,7,sampling,False,R3 283m Basil Street → Hans Road → Brompton Road,15:28:13,51,119.2,18.6,38.1,3,0.0,25.41,45.5,30.0,55.0,0.4726,0.5828,0.388,0.5204,0.0385,0.0198,0.0761,30.0,30.0,65.0,40.0,60.0,0.6144,0.7576,0.5044,0.9643,0.0501,0.0257,0.1685,True,True,False,False,False,0.4
P04,motion,4,v1,Study,8,sampling,True,R7 170m Astell Street → Burnsall Street → King's Road,15:29:44,42,91.0,13.7,33.5,3,0.0,25.84,42.2,7.5,95.0,0.4411,0.3418,0.6296,0.9565,0.3028,0.9686,0.3843,10.0,5.0,95.0,95.0,95.0,0.5734,0.4443,0.8185,1.2696,0.3936,1.2592,0.4459,False,False,True,False,True,0.4459
P04,motion,4,v1,Study,9,sampling,False,R1 215m Draycott Place,15:31:32,34,107.6,22.1,39.8,1,0.0,26.08,53.1,55.0,30.0,0.8145,0.663,0.3287,0.8096,0.5684,0.6683,0.8107,55.0,55.0,40.0,30.0,20.0,1.0589,0.8619,0.4273,1.1667,0.7389,0.8688,0.8296,True,True,False,True,True,0.8296
P04,motion,4,v1,Study,10,sampling,False,R2 165m Cliveden Place,15:32:26,20,54.2,28.6,40.8,1,0.0,29.25,70.2,12.5,91.7,0.7845,0.4039,0.5738,0.3484,0.7578,0.3801,0.6551,10.0,15.0,95.0,90.0,90.0,1.0198,0.5251,0.7459,0.8439,0.9851,0.4941,0.6896,True,False,True,True,False,0.6896
P04,motion,4,v1,Study,11,sampling,False,R3 283m Basil Street → Hans Road → Brompton Road,15:34:22,56,116.3,17.8,43.2,0,0.0,26.53,48.7,15.0,70.0,0.7971,0.8382,0.6792,0.8942,0.3551,0.9947,0.0699,10.0,20.0,85.0,80.0,45.0,1.0362,1.0897,0.883,1.2259,0.4616,1.2931,0.1629,True,True,True,False,True,0.4
P04,motion,4,v1,Study,12,sampling,False,R7 170m Astell Street → Burnsall Street → King's Road,15:36:11,77,108.8,8.4,33.7,3,0.0,31.4,25.4,7.5,93.3,0.1656,0.1949,0.9782,0.23,0.4155,0.3387,0.8276,10.0,5.0,90.0,95.0,95.0,0.2153,0.2534,1.2717,0.761,0.5402,0.4403,0.8448,False,False,True,False,False,0.8448
P04,motion,4,v1,Study,13,sampling,False,R1 215m Draycott Place,15:37:14,21,63.2,34.9,52.9,0,0.0,36.57,65.9,10.0,76.7,0.2019,0.8985,0.2365,0.0149,0.5095,0.5311,0.6367,15.0,5.0,65.0,70.0,95.0,0.2625,1.1681,0.3075,0.6104,0.6623,0.6904,0.673,False,True,False,True,True,0.673
P04,motion,4,v1,Study,14,sampling,False,R2 165m Cliveden Place,15:38:12,15,57.6,38.1,51.1,3,0.0,40.37,60.7,27.5,66.7,0.5926,0.911,0.1039,0.8468,0.1428,0.2026,0.3743,15.0,40.0,75.0,70.0,55.0,0.7704,1.1843,0.1351,1.1928,0.1856,0.2634,0.4369,True,True,False,False,False,0.4369
P04,motion,4,v1,Study,15,sampling,False,R3 283m Basil Street → Hans Road → Brompton Road,15:39:47,38,94.6,26.1,44.6,1,0.0,29.44,53.4,20.0,61.7,0.2546,0.2371,0.2739,0.2638,0.4499,0.6847,0.2304,10.0,30.0,60.0,55.0,70.0,0.331,0.3082,0.3561,0.7847,0.5849,0.8901,0.3074,False,False,False,False,True,0.4
P04,motion,4,v1,Study,16,optimization,True,R7 170m Astell Street → Burnsall Street → King's Road,15:42:58,118,159.4,5.0,35.4,2,0.0,24.67,68.3,7.5,93.3,0.4889,0.1434,0.6808,0.838,0.6692,0.9013,0.5723,10.0,5.0,95.0,95.0,90.0,0.6356,0.1864,0.885,1.1866,0.87,1.1717,0.6151,True,False,True,True,True,0.6151
P04,motion,4,v1,Study,17,optimization,False,R1 215m Draycott Place,15:45:08,53,96.7,14.2,39.3,0,0.0,27.23,52.5,7.5,93.3,0.8115,0.1609,0.6389,0.2315,0.2914,0.442,0.4758,5.0,10.0,95.0,95.0,90.0,1.055,0.2092,0.8306,0.7621,0.3788,0.5746,0.5282,True,False,True,False,False,0.5282
P04,motion,4,v1,Study,18,optimization,True,R2 165m Cliveden Place,15:48:27,107,151.3,5.4,33.4,1,0.0,22.92,88.1,7.5,93.3,0.1225,0.3819,0.8648,0.0749,0.1015,0.4412,0.9124,10.0,5.0,90.0,95.0,95.0,0.1593,0.4965,1.1242,0.6524,0.132,0.5736,0.9212,False,False,True,False,False,0.9212
P04,motion,4,v1,Study,19,optimization,False,R3 283m Basil Street → Hans Road → Brompton Road,15:51:09,46,106.2,21.6,34.5,3,0.0,22.91,54.2,7.5,88.3,0.489,0.2945,0.8374,0.8479,0.36,1.0,0.0,10.0,5.0,95.0,85.0,85.0,0.6357,0.3828,1.0886,1.1935,0.468,1.3,0.1,True,False,True,False,True,0.4
P04,motion,4,v1,Study,20,optimization,True,R7 170m Astell Street → Burnsall Street → King's Road,15:54:02,52,94.5,11.0,30.7,0,0.0,16.61,66.4,7.5,90.0,0.4407,0.2632,0.6389,1.0,1.0,0.3975,0.0,5.0,10.0,95.0,90.0,85.0,0.5729,0.3422,0.8306,1.3,1.3,0.5168,0.1,False,False,True,True,False,0.4
P04,motion,4,v1,Study,21,finaldesign,,R1 215m Draycott Place,15:56:25,84,143.5,9.1,37.6,1,0.0,22.43,87.1,2.5,96.7,0.441,0.263,0.639,1.0,1.0,0.398,0.0,5.0,0.0,100.0,95.0,95.0,0.5733,0.3419,0.8307,1.3,1.3,0.5174,0.1,False,False,True,True,False,0.4
P05,motion,5,v1,Study,1,sampling,True,R1 215m Draycott Place,17:06:09,30,67.5,24.8,41.3,1,0.0,27.58,77.1,22.5,75.0,0.2311,0.9092,0.8035,0.7301,0.417,0.3135,0.647,25.0,20.0,70.0,75.0,80.0,0.3004,1.182,1.0446,1.1111,0.5421,0.4076,0.6823,False,True,True,False,False,0.6823
P05,motion,5,v1,Study,2,sampling,False,R2 165m Cliveden Place,17:07:07,33,57.6,17.5,52.6,1,0.0,45.74,38.2,50.0,40.0,0.6571,0.3605,0.4426,0.8051,0.2625,0.3477,0.1513,90.0,10.0,20.0,25.0,75.0,0.8542,0.4687,0.5754,1.1636,0.3413,0.452,0.2362,True,False,False,False,False,0.4
P05,motion,5,v1,Study,3,sampling,True,R3 283m Basil Street → Hans Road → Brompton Road,17:08:25,54,77.7,18.2,42.0,1,0.0,26.5,42.3,25.0,75.0,0.8242,0.0264,0.8012,0.2742,0.9382,0.4359,0.8696,25.0,25.0,80.0,80.0,65.0,1.0715,0.0343,1.0416,0.7919,1.2197,0.5667,0.8826,True,False,True,True,False,0.8826
P05,motion,5,v1,Study,4,sampling,False,R7 170m Astell Street → Burnsall Street → King's Road,17:09:29,44,64.3,13.1,40.5,2,0.0,35.66,31.5,35.0,30.0,0.8457,0.6868,0.7646,0.4214,0.7888,0.4746,0.3997,10.0,60.0,30.0,30.0,30.0,1.0994,0.8928,0.994,0.895,1.0254,0.617,0.4597,True,True,True,True,True,0.4597
P05,motion,5,v1,Study,5,sampling,False,R1 215m Draycott Place,17:12:11,132,161.7,5.8,44.8,0,0.0,27.71,80.1,47.5,60.0,0.649,0.58,0.7401,0.8225,0.5942,0.8432,0.7431,30.0,65.0,80.0,65.0,35.0,0.8437,0.754,0.9621,1.1758,0.7725,1.0962,0.7688,True,True,True,True,True,0.7688
P05,motion,5,v1,Study,6,sampling,True,R2 165m Cliveden Place,17:12:45,19,33.4,30.1,41.6,2,0.0,26.62,70.6,25.0,78.3,0.1618,0.8094,0.3576,0.5949,0.9435,0.3713,0.6254,25.0,25.0,75.0,80.0,80.0,0.2103,1.0522,0.4649,1.0164,1.2266,0.4827,0.6629,False,True,False,True,False,0.6629
P05,motion,5,v1,Study,7,sampling,False,R3 283m Basil Street → Hans Road → Brompton Road,17:13:57,33,72.3,30.0,44.1,5,0.0,30.49,58.7,77.5,40.0,0.7785,0.6908,0.1771,0.9968,0.4871,0.4399,0.1504,65.0,90.0,65.0,35.0,20.0,1.012,0.898,0.2302,1.2978,0.6332,0.5719,0.2354,True,True,False,True,False,0.4
P05,motion,5,v1,Study,8,sampling,False,R7 170m Astell Street → Burnsall Street → King's Road,17:14:40,24,42.6,22.8,38.1,4,0.0,26.63,55.4,25.0,76.7,0.5758,0.3062,0.3859,0.2658,0.1437,0.9871,0.837,25.0,25.0,70.0,80.0,80.0,0.7485,0.3981,0.5017,0.7861,0.1868,1.2832,0.8533,True,False,False,False,True,0.8533
P05,motion,5,v1,Study,9,sampling,True,R1 215m Draycott Place,17:17:03,121,143.0,6.3,42.7,2,0.0,26.35,78.6,55.0,76.7,0.6651,0.1453,0.9785,0.3405,0.4812,0.1197,0.6352,75.0,35.0,70.0,90.0,70.0,0.8646,0.1889,1.2721,0.8384,0.6256,0.1556,0.6717,True,False,True,True,False,0.6717
P05,motion,5,v1,Study,10,sampling,True,R2 165m Cliveden Place,17:17:49,29,46.4,19.8,40.7,2,0.0,35.46,46.2,15.0,90.0,0.5537,0.143,0.9212,0.5281,0.5511,0.8668,0.7129,15.0,15.0,90.0,90.0,90.0,0.7198,0.1859,1.1976,0.9697,0.7164,1.1268,0.7416,True,False,True,True,True,0.7416
P05,motion,5,v1,Study,11,sampling,False,R3 283m Basil Street → Hans Road → Brompton Road,17:19:21,52,91.8,20.1,44.2,7,0.0,33.29,44.1,67.5,38.3,0.4619,0.8704,0.6827,0.2764,0.4474,0.4591,0.7789,65.0,70.0,30.0,50.0,35.0,0.6005,1.1315,0.8875,0.7935,0.5816,0.5968,0.801,True,True,True,False,False,0.801
P05,motion,5,v1,Study,12,sampling,False,R7 170m Astell Street → Burnsall Street → King's Road,17:21:18,95,116.5,6.4,42.2,4,0.0,38.04,27.3,40.0,65.0,0.8447,0.6498,0.3132,0.9184,0.8493,0.9728,0.2625,40.0,40.0,65.0,65.0,65.0,1.0981,0.8447,0.4072,1.2429,1.1041,1.2646,0.3363,True,True,False,True,True,0.4
P05,motion,5,v1,Study,13,sampling,False,R1 215m Draycott Place,17:22:07,26,49.6,28.8,46.7,5,0.0,36.2,63.1,30.0,71.7,0.0849,0.0775,0.6296,0.7143,0.1491,0.1761,0.0949,25.0,35.0,75.0,65.0,75.0,0.1104,0.1008,0.8185,1.1,0.1938,0.2289,0.1854,False,False,True,False,False,0.4
P05,motion,5,v1,Study,14,sampling,False,R2 165m Cliveden Place,17:22:47,19,39.5,30.6,45.5,3,0.0,34.83,70.7,70.0,31.7,0.8922,0.7731,0.9637,0.1518,0.6988,0.1176,0.3567,70.0,70.0,30.0,35.0,30.0,1.1599,1.005,1.2528,0.7063,0.9084,0.1529,0.421,True,True,True,True,False,0.421
P05,motion,5,v1,Study,15,sampling,True,R3 283m Basil Street → Hans Road → Brompton Road,17:23:55,44,68.0,22.5,45.6,6,0.0,29.82,75.7,17.5,60.0,0.2947,0.1849,0.2722,0.3907,0.4923,0.2991,0.8189,25.0,10.0,40.0,65.0,75.0,0.3831,0.2404,0.3539,0.8735,0.64,0.3888,0.837,False,False,False,True,False,0.837
P05,motion,5,v1,Study,16,optimization,False,R7 170m Astell Street → Burnsall Street → King's Road,17:31:12,195,380.7,3.8,46.9,9,0.0,47.8,35.3,27.5,78.3,0.6286,0.0514,0.5818,0.4236,0.6733,0.7093,0.7505,25.0,30.0,75.0,80.0,80.0,0.8172,0.0668,0.7563,0.8965,0.8753,0.9221,0.7754,True,False,True,True,True,0.7754
P05,motion,5,v1,Study,17,optimization,True,R1 215m Draycott Place,17:33:22,33,76.4,23.0,51.9,4,0.0,25.0,77.3,52.5,48.3,0.6628,0.175,1.0,0.4846,0.3367,1.0,0.828,35.0,70.0,70.0,40.0,35.0,0.8616,0.2275,1.3,0.9392,0.4377,1.3,0.8452,True,False,True,False,True,0.8452
P05,motion,5,v1,Study,18,optimization,False,R2 165m Cliveden Place,17:35:28,26,56.6,21.9,42.1,4,0.0,33.69,77.3,67.5,50.0,0.5655,0.0479,0.8203,0.5771,0.5738,0.6274,0.6637,65.0,70.0,65.0,55.0,30.0,0.7352,0.0623,1.0664,1.004,0.7459,0.8156,0.6973,True,False,True,True,True,0.6973
P05,motion,5,v1,Study,19,optimization,False,R3 283m Basil Street → Hans Road → Brompton Road,17:43:39,129,400.1,8.6,50.3,14,0.0,44.71,27.5,40.0,78.3,0.5369,0.2207,0.6586,0.5268,0.9542,0.893,0.798,40.0,40.0,80.0,80.0,75.0,0.698,0.2869,0.8562,0.9688,1.2405,1.1609,0.8182,True,False,True,True,True,0.8182
P05,motion,5,v1,Study,20,optimization,False,R7 170m Astell Street → Burnsall Street → King's Road,17:46:22,71,87.7,9.7,40.9,10,0.0,61.11,14.8,22.5,85.0,0.5221,0.0387,1.0,0.527,0.4534,0.8796,0.6089,25.0,20.0,85.0,85.0,85.0,0.6787,0.0503,1.3,0.9689,0.5894,1.1435,0.648,True,False,True,False,True,0.648
P05,motion,5,v1,Study,21,finaldesign,,R1 215m Draycott Place,17:46:51,17,28.9,44.2,53.5,0,0.0,37.13,47.7,10.0,95.0,0.554,0.143,0.921,0.528,0.551,0.867,0.713,10.0,10.0,95.0,95.0,95.0,0.7202,0.1859,1.1973,0.9696,0.7163,1.1271,0.7417,True,False,True,True,True,0.7417
P06,motion,6,v1,Study,1,sampling,False,R1 215m Draycott Place,12:05:12,27,58.5,27.8,54.0,0,0.0,39.93,70.1,40.0,40.0,0.806,0.7127,0.8271,0.3709,0.3917,0.5462,0.3599,40.0,40.0,40.0,40.0,40.0,1.0478,0.9265,1.0752,0.8596,0.5092,0.7101,0.4239,True,True,True,False,True,0.4239
P06,motion,6,v1,Study,2,sampling,False,R2 165m Cliveden Place,12:05:42,14,30.1,40.9,54.2,0,0.0,44.4,56.1,50.0,51.7,0.9719,0.3467,0.2103,0.8143,0.9946,0.2457,0.0517,50.0,50.0,50.0,50.0,55.0,1.2635,0.4507,0.2734,1.17,1.293,0.3194,0.1465,True,False,False,True,False,0.4
P06,motion,6,v1,Study,3,sampling,False,R3 283m Basil Street → Hans Road → Brompton Road,12:06:45,41,63.3,24.1,52.9,5,0.0,37.47,43.2,60.0,58.3,0.5094,0.8596,0.5912,0.1891,0.1244,0.1092,0.2226,60.0,60.0,60.0,55.0,60.0,0.6622,1.1175,0.7686,0.7324,0.1617,0.142,0.3003,True,True,True,False,False,0.4
P06,motion,6,v1,Study,4,sampling,False,R7 170m Astell Street → Burnsall Street → King's Road,12:07:43,28,57.2,20.4,42.2,4,0.0,37.17,43.5,62.5,61.7,0.9743,0.7717,0.2811,0.788,0.6174,0.5103,0.1998,60.0,65.0,65.0,60.0,60.0,1.2666,1.0032,0.3654,1.1516,0.8026,0.6634,0.2798,True,True,False,True,True,0.4
P06,motion,6,v1,Study,5,sampling,False,R1 215m Draycott Place,12:08:32,22,49.0,34.0,52.8,0,0.0,43.66,59.3,55.0,56.7,0.1146,0.6818,0.6487,0.4411,0.4304,0.4116,0.5255,60.0,50.0,55.0,60.0,55.0,0.149,0.8863,0.8433,0.9088,0.5595,0.5351,0.5729,False,True,True,False,False,0.5729
P06,motion,6,v1,Study,6,sampling,False,R2 165m Cliveden Place,12:09:00,14,28.2,39.0,54.3,0,0.0,44.46,57.6,50.0,51.7,0.4499,0.0038,0.9482,0.1614,0.7095,0.4659,0.3968,50.0,50.0,50.0,50.0,55.0,0.5849,0.0049,1.2327,0.713,0.9224,0.6057,0.4571,False,False,True,True,True,0.4571
P06,motion,6,v1,Study,7,sampling,False,R3 283m Basil Street → Hans Road → Brompton Road,12:10:13,51,73.3,19.5,53.5,3,0.0,40.44,39.5,62.5,58.3,0.6234,0.2292,0.6418,0.8622,0.5531,0.6931,0.7411,60.0,65.0,60.0,60.0,55.0,0.8104,0.298,0.8343,1.2035,0.719,0.901,0.767,True,False,True,True,True,0.767
P06,motion,6,v1,Study,8,sampling,False,R7 170m Astell Street → Burnsall Street → King's Road,12:11:19,25,65.9,22.4,43.4,2,0.0,39.17,40.6,45.0,58.3,0.345,0.7034,0.9173,0.6875,0.4004,0.0936,0.6398,45.0,45.0,60.0,55.0,60.0,0.4485,0.9144,1.1925,1.0813,0.5205,0.1217,0.6758,False,True,True,False,False,0.6758
P06,motion,6,v1,Study,9,sampling,False,R1 215m Draycott Place,12:12:04,19,44.4,39.9,53.4,0,0.0,32.83,54.5,32.5,61.7,0.1239,0.133,0.6172,0.733,0.7734,0.7648,0.6258,35.0,30.0,60.0,65.0,60.0,0.1611,0.1729,0.8024,1.1131,1.0054,0.9942,0.6632,False,False,True,True,True,0.6632
P06,motion,6,v1,Study,10,sampling,False,R2 165m Cliveden Place,12:12:42,13,38.2,42.3,54.3,0,0.0,43.91,54.0,37.5,63.3,0.848,0.9212,0.1002,0.6791,0.8491,0.2052,0.8642,40.0,35.0,65.0,60.0,65.0,1.1024,1.1976,0.1303,1.0754,1.1038,0.2668,0.8778,True,True,False,True,False,0.8778
P06,motion,6,v1,Study,11,sampling,False,R3 283m Basil Street → Hans Road → Brompton Road,12:13:56,52,74.4,19.5,50.0,1,0.0,33.2,41.3,40.0,61.7,0.1826,0.0028,0.2391,0.7925,0.9133,0.4967,0.389,40.0,40.0,60.0,65.0,60.0,0.2374,0.0036,0.3108,1.1547,1.1873,0.6457,0.4501,False,False,False,True,True,0.4501
P06,motion,6,v1,Study,12,sampling,False,R7 170m Astell Street → Burnsall Street → King's Road,12:14:56,47,59.1,11.9,43.2,2,0.0,33.58,35.9,32.5,66.7,0.0766,0.5461,0.9217,0.5593,0.9817,0.2141,0.8811,30.0,35.0,65.0,70.0,65.0,0.0996,0.7099,1.1982,0.9915,1.2762,0.2783,0.893,False,True,True,True,False,0.893
P06,motion,6,v1,Study,13,sampling,False,R1 215m Draycott Place,12:15:30,22,34.7,33.6,46.5,1,0.0,36.7,70.7,22.5,71.7,0.4302,0.2016,0.9595,0.1959,0.2887,0.2,0.2302,20.0,25.0,70.0,70.0,75.0,0.5593,0.2621,1.2473,0.7371,0.3753,0.26,0.3072,False,False,True,False,False,0.4
P06,motion,6,v1,Study,14,sampling,False,R2 165m Cliveden Place,12:16:05,16,34.1,36.2,52.4,0,0.0,40.78,62.2,30.0,70.0,0.5888,0.596,0.5232,0.0152,0.1826,0.8947,0.4388,40.0,20.0,70.0,70.0,70.0,0.7654,0.7748,0.6802,0.6106,0.2374,1.1631,0.4949,True,True,True,False,True,0.4949
P06,motion,6,v1,Study,15,sampling,False,R3 283m Basil Street → Hans Road → Brompton Road,12:17:23,52,78.1,18.7,51.5,0,0.0,38.49,35.1,32.5,75.0,0.8365,0.3037,0.5602,0.7247,0.9739,0.4446,0.3375,25.0,40.0,80.0,65.0,80.0,1.0875,0.3948,0.7283,1.1073,1.2661,0.578,0.4038,True,False,True,True,False,0.4038
P06,motion,6,v1,Study,16,optimization,True,R7 170m Astell Street → Burnsall Street → King's Road,12:18:46,33,44.5,17.3,36.1,1,0.0,29.86,48.5,17.5,73.3,0.2549,0.2879,0.5732,0.7888,0.8879,0.4295,0.4799,15.0,20.0,75.0,65.0,80.0,0.3314,0.3743,0.7452,1.1522,1.1543,0.5584,0.5319,False,False,True,True,False,0.5319
P06,motion,6,v1,Study,17,optimization,True,R1 215m Draycott Place,12:20:07,20,30.9,36.7,50.1,0,0.0,36.2,69.9,10.0,81.7,0.1558,0.5302,0.5741,0.926,0.8728,0.4262,0.148,10.0,10.0,85.0,75.0,85.0,0.2025,0.6893,0.7463,1.2482,1.1346,0.5541,0.2332,False,True,True,True,False,0.4
P06,motion,6,v1,Study,18,optimization,False,R2 165m Cliveden Place,12:21:10,17,35.0,34.0,49.7,0,0.0,38.9,71.8,37.5,60.0,0.7346,0.5728,0.5339,1.0,0.8566,0.4143,0.0935,35.0,40.0,60.0,60.0,60.0,0.955,0.7446,0.6941,1.3,1.1136,0.5386,0.1842,True,True,True,True,False,0.4
P06,motion,6,v1,Study,19,optimization,False,R3 283m Basil Street → Hans Road → Brompton Road,12:22:39,51,64.5,19.7,51.3,7,0.0,36.56,50.6,30.0,71.7,0.0434,0.5662,0.6154,0.8866,0.9064,0.4341,0.3098,30.0,30.0,70.0,65.0,80.0,0.0564,0.7361,0.8,1.2206,1.1783,0.5643,0.3788,False,True,True,True,False,0.4
P06,motion,6,v1,Study,20,optimization,True,R7 170m Astell Street → Burnsall Street → King's Road,12:24:07,43,56.4,13.6,39.3,4,0.0,32.48,35.4,15.0,78.3,0.1997,0.4981,0.564,0.8389,0.8572,0.3956,0.137,15.0,15.0,80.0,70.0,85.0,0.2596,0.6475,0.7332,1.1872,1.1144,0.5143,0.2233,False,True,True,True,False,0.4
P06,motion,6,v1,Study,21,finaldesign,,R1 215m Draycott Place,12:24:46,23,39.7,32.8,51.4,0,0.0,34.89,72.6,7.5,90.0,0.2,0.498,0.564,0.839,0.857,0.396,0.137,5.0,10.0,95.0,80.0,95.0,0.26,0.6474,0.7332,1.1873,1.1141,0.5148,0.2233,False,True,True,True,False,0.4
P07,motion,7,v1,Study,1,sampling,True,R1 215m Draycott Place,12:36:14,46,130.8,16.5,46.6,3,0.0,27.08,86.8,22.5,80.0,0.1651,0.5582,0.3691,0.1648,0.508,0.1981,0.2424,25.0,20.0,70.0,90.0,80.0,0.2146,0.7257,0.4798,0.7154,0.6604,0.2575,0.3182,False,True,False,True,False,0.4
P07,motion,7,v1,Study,2,sampling,False,R2 165m Cliveden Place,12:37:15,33,60.9,17.3,36.1,3,0.0,29.46,72.6,27.5,71.7,0.7589,0.5206,0.632,0.8143,0.9647,0.768,0.7059,25.0,30.0,65.0,75.0,75.0,0.9866,0.6768,0.8216,1.17,1.2541,0.9984,0.7353,True,True,True,True,True,0.7353
P07,motion,7,v1,Study,3,sampling,False,R3 283m Basil Street → Hans Road → Brompton Road,12:39:22,104,127.1,10.8,44.4,8,0.0,32.56,34.2,30.0,75.0,0.9133,0.9356,0.8837,0.6488,0.3268,0.1459,0.8796,30.0,30.0,75.0,70.0,80.0,1.1873,1.2163,1.1488,1.0542,0.4248,0.1897,0.8916,True,True,True,False,False,0.8916
P07,motion,7,v1,Study,4,sampling,False,R7 170m Astell Street → Burnsall Street → King's Road,12:40:41,64,78.4,11.0,44.7,11,0.0,44.09,27.0,30.0,78.3,0.9678,0.2263,0.0723,0.2011,0.8686,0.3885,0.4604,25.0,35.0,75.0,80.0,80.0,1.2581,0.2942,0.094,0.7408,1.1292,0.505,0.5144,True,False,False,True,False,0.5144
P07,motion,7,v1,Study,5,sampling,False,R1 215m Draycott Place,12:41:31,35,50.5,22.1,41.9,3,0.0,35.8,57.5,27.5,80.0,0.0542,0.0884,0.0039,0.204,0.0443,0.4012,0.779,25.0,30.0,80.0,80.0,80.0,0.0705,0.1149,0.0051,0.7428,0.0576,0.5216,0.8011,False,False,False,False,False,0.8011
P07,motion,7,v1,Study,6,sampling,False,R2 165m Cliveden Place,12:42:08,19,36.6,30.7,42.8,1,0.0,31.29,75.8,27.5,68.3,0.902,0.5243,0.6122,0.0092,0.345,0.3212,0.024,25.0,30.0,65.0,75.0,65.0,1.1726,0.6816,0.7959,0.6064,0.4485,0.4176,0.1216,True,True,True,False,False,0.4
P07,motion,7,v1,Study,7,sampling,False,R3 283m Basil Street → Hans Road → Brompton Road,12:43:30,64,82.3,17.5,42.9,9,0.0,26.91,50.6,30.0,73.3,0.8293,0.4602,0.6328,0.6794,0.7118,0.2124,0.134,30.0,30.0,70.0,75.0,75.0,1.0781,0.5983,0.8226,1.0756,0.9253,0.2761,0.2206,True,False,True,True,False,0.4
P07,motion,7,v1,Study,8,sampling,True,R7 170m Astell Street → Burnsall Street → King's Road,12:44:19,30,48.7,18.8,27.7,9,0.0,17.33,54.5,32.5,80.0,0.78,0.9029,0.2307,0.2354,0.2053,0.8273,0.001,35.0,30.0,75.0,85.0,80.0,1.014,1.1738,0.2999,0.7648,0.2669,1.0755,0.1009,True,True,False,False,True,0.4
P07,motion,7,v1,Study,9,sampling,True,R1 215m Draycott Place,12:45:09,32,49.9,23.2,31.2,3,0.0,16.33,67.2,27.5,78.3,0.4514,0.3835,0.7124,0.8257,0.8265,0.9066,0.7865,30.0,25.0,75.0,80.0,80.0,0.5868,0.4986,0.9261,1.178,1.0745,1.1786,0.8078,False,False,True,True,True,0.8078
P07,motion,7,v1,Study,10,sampling,False,R2 165m Cliveden Place,12:45:54,25,44.8,23.0,30.5,2,0.0,20.13,67.5,27.5,75.0,0.7226,0.6026,0.9331,0.1966,0.4162,0.4753,0.3337,25.0,30.0,70.0,80.0,75.0,0.9394,0.7834,1.213,0.7376,0.5411,0.6179,0.4003,True,True,True,False,True,0.4003
P07,motion,7,v1,Study,11,sampling,True,R3 283m Basil Street → Hans Road → Brompton Road,12:47:03,54,68.5,18.3,28.1,4,0.0,15.99,55.7,27.5,78.3,0.5992,0.8174,0.3153,0.9136,0.606,0.1694,0.8121,25.0,30.0,80.0,75.0,80.0,0.779,1.0626,0.4099,1.2395,0.7878,0.2202,0.8309,True,True,False,True,False,0.8309
P07,motion,7,v1,Study,12,sampling,False,R7 170m Astell Street → Burnsall Street → King's Road,12:48:03,46,60.0,12.1,37.1,9,0.0,31.12,44.3,30.0,80.0,0.2701,0.334,0.0494,0.5823,0.3078,0.3349,0.6091,25.0,35.0,75.0,85.0,80.0,0.3511,0.4342,0.0642,1.0076,0.4001,0.4354,0.6482,False,False,False,False,False,0.6482
P07,motion,7,v1,Study,13,sampling,False,R1 215m Draycott Place,12:48:44,27,41.9,27.6,44.0,4,0.0,30.94,67.8,30.0,80.0,0.6571,0.9354,0.5478,0.5606,0.99,0.3984,0.5837,20.0,40.0,85.0,80.0,75.0,0.8542,1.216,0.7121,0.9924,1.287,0.5179,0.6253,True,True,True,True,False,0.6253
P07,motion,7,v1,Study,14,sampling,False,R2 165m Cliveden Place,12:49:16,15,31.9,38.1,53.5,0,0.0,37.03,61.5,25.0,75.0,0.9288,0.1827,0.8017,0.9952,0.2362,0.4519,0.8973,20.0,30.0,80.0,70.0,75.0,1.2074,0.2375,1.0422,1.2966,0.3071,0.5875,0.9076,True,False,True,False,False,0.9076
P07,motion,7,v1,Study,15,sampling,False,R3 283m Basil Street → Hans Road → Brompton Road,12:50:13,41,56.5,23.8,50.8,6,0.0,40.96,44.6,22.5,80.0,0.7552,0.122,0.2902,0.2401,0.4417,0.2578,0.6281,15.0,30.0,75.0,85.0,80.0,0.9818,0.1586,0.3773,0.7681,0.5742,0.3351,0.6653,True,False,False,False,False,0.6653
P07,motion,7,v1,Study,16,optimization,True,R7 170m Astell Street → Burnsall Street → King's Road,12:54:02,53,72.0,13.7,44.7,24,0.0,53.77,32.6,17.5,75.0,0.4736,0.7684,0.1972,0.2254,0.4291,0.1866,0.2506,20.0,15.0,70.0,80.0,75.0,0.6157,0.9989,0.2564,0.7578,0.5578,0.2426,0.3255,True,True,False,False,False,0.4
P07,motion,7,v1,Study,17,optimization,True,R1 215m Draycott Place,12:57:24,25,44.2,30.5,37.5,0,0.0,22.09,79.2,22.5,88.3,0.406,0.2481,0.8474,0.2123,0.6222,0.1436,0.5118,25.0,20.0,90.0,85.0,90.0,0.5278,0.3225,1.1016,0.7486,0.8089,0.1867,0.5606,False,False,True,True,False,0.5606
P07,motion,7,v1,Study,18,optimization,False,R2 165m Cliveden Place,12:59:07,18,35.7,31.7,47.3,1,0.0,32.32,75.7,27.5,78.3,0.1549,0.2619,0.9666,0.0955,0.6927,0.1413,0.5063,25.0,30.0,75.0,80.0,80.0,0.2014,0.3405,1.2566,0.6668,0.9005,0.1837,0.5557,False,False,True,True,False,0.5557
P07,motion,7,v1,Study,19,optimization,False,R3 283m Basil Street → Hans Road → Brompton Road,13:01:15,45,59.1,22.8,48.4,8,0.0,37.4,42.3,27.5,80.0,0.4449,0.2238,0.719,0.242,0.4098,0.1418,0.3918,25.0,30.0,85.0,85.0,70.0,0.5784,0.2909,0.9347,0.7694,0.5327,0.1843,0.4526,False,False,True,False,False,0.4526
P07,motion,7,v1,Study,20,optimization,True,R7 170m Astell Street → Burnsall Street → King's Road,13:03:24,32,47.7,17.1,40.2,15,0.0,39.39,36.2,25.0,86.7,0.4007,0.352,0.7123,0.2448,0.5888,0.2735,0.5631,25.0,25.0,90.0,90.0,80.0,0.5209,0.4576,0.926,0.7714,0.7654,0.3556,0.6068,False,False,True,True,False,0.6068
P07,motion,7,v1,Study,21,finaldesign,,R1 215m Draycott Place,13:04:00,23,35.0,33.0,46.7,1,0.0,24.15,77.5,25.0,81.7,0.406,0.248,0.847,0.212,0.622,0.144,0.512,20.0,30.0,85.0,85.0,75.0,0.5278,0.3224,1.1011,0.7484,0.8086,0.1872,0.5608,False,False,True,True,False,0.5608
P08,motion,8,v1,Study,1,sampling,True,R1 215m Draycott Place,13:34:22,133,181.1,5.8,38.0,4,0.0,21.99,47.6,32.5,48.3,0.9359,0.0701,0.5121,0.5844,0.9749,0.7404,0.444,30.0,35.0,60.0,55.0,30.0,1.2167,0.0911,0.6657,1.0091,1.2674,0.9625,0.4996,True,False,True,True,True,0.4996
P08,motion,8,v1,Study,2,sampling,False,R2 165m Cliveden Place,13:35:20,35,57.7,16.3,39.1,0,0.0,29.12,60.0,40.0,45.0,0.0446,0.3141,0.7303,0.8089,0.5435,0.9062,0.2382,40.0,40.0,55.0,45.0,35.0,0.058,0.4083,0.9494,1.1662,0.7066,1.1781,0.3144,False,False,True,True,True,0.4
P08,motion,8,v1,Study,3,sampling,True,R3 283m Basil Street → Hans Road → Brompton Road,13:37:00,72,99.8,13.8,34.7,0,0.0,22.0,40.7,40.0,55.0,0.2654,0.9586,0.8289,0.1946,0.0053,0.9317,0.0698,40.0,40.0,55.0,45.0,65.0,0.345,1.2462,1.0776,0.7362,0.0069,1.2112,0.1628,False,True,True,False,True,0.4
P08,motion,8,v1,Study,4,sampling,True,R7 170m Astell Street → Burnsall Street → King's Road,13:39:13,109,132.5,6.8,28.5,6,0.0,19.44,41.6,37.5,60.0,0.6072,0.1916,0.0326,0.1145,0.7317,0.7237,0.7288,40.0,35.0,65.0,55.0,60.0,0.7894,0.2491,0.0424,0.6802,0.9512,0.9408,0.7559,True,False,False,True,True,0.7559
P08,motion,8,v1,Study,5,sampling,True,R1 215m Draycott Place,13:40:30,48,76.9,15.7,51.5,0,0.0,33.52,42.3,55.0,61.7,0.0993,0.8389,0.9253,0.9264,0.0103,0.6609,0.6081,45.0,65.0,65.0,60.0,60.0,0.1291,1.0906,1.2029,1.2485,0.0134,0.8592,0.6473,False,True,True,False,True,0.6473
P08,motion,8,v1,Study,6,sampling,True,R2 165m Cliveden Place,13:41:07,23,37.1,24.5,53.5,0,0.0,54.88,41.2,30.0,56.7,0.8744,0.7559,0.9736,0.3489,0.5033,0.6227,0.5112,30.0,30.0,45.0,60.0,65.0,1.1367,0.9827,1.2657,0.8442,0.6543,0.8095,0.5601,True,True,True,True,True,0.5601
P08,motion,8,v1,Study,7,sampling,False,R3 283m Basil Street → Hans Road → Brompton Road,13:42:13,46,66.0,21.7,53.3,10,0.0,47.46,35.7,37.5,45.0,0.6056,0.7017,0.7398,0.4723,0.415,0.8354,0.6946,35.0,40.0,30.0,45.0,60.0,0.7873,0.9122,0.9617,0.9306,0.5395,1.086,0.7251,True,True,True,False,True,0.7251
P08,motion,8,v1,Study,8,sampling,False,R7 170m Astell Street → Burnsall Street → King's Road,13:43:44,73,91.1,9.1,40.4,9,0.0,49.11,27.1,52.5,56.7,0.4259,0.4517,0.4597,0.006,0.0451,0.0778,0.732,30.0,75.0,65.0,40.0,65.0,0.5537,0.5872,0.5976,0.6042,0.0586,0.1011,0.7588,False,False,False,False,False,0.7588
P08,motion,8,v1,Study,9,sampling,False,R1 215m Draycott Place,13:44:23,20,38.9,37.1,51.5,0,0.0,36.51,62.6,35.0,53.3,0.0776,0.3664,0.0864,0.0701,0.4737,0.1345,0.3395,30.0,40.0,55.0,45.0,60.0,0.1009,0.4763,0.1123,0.6491,0.6158,0.1749,0.4056,False,False,False,True,False,0.4056
P08,motion,8,v1,Study,10,sampling,False,R2 165m Cliveden Place,13:44:51,14,28.3,40.0,54.4,0,0.0,43.63,53.8,62.5,51.7,0.2304,0.7087,0.0454,0.4615,0.091,0.3417,0.2446,70.0,55.0,60.0,35.0,60.0,0.2995,0.9213,0.059,0.9231,0.1183,0.4442,0.3201,False,True,False,False,False,0.4
P08,motion,8,v1,Study,11,sampling,False,R3 283m Basil Street → Hans Road → Brompton Road,13:46:00,49,68.5,20.1,52.2,2,0.0,41.69,34.6,67.5,40.0,0.4208,0.5356,0.9367,0.1724,0.2408,0.422,0.9565,60.0,75.0,45.0,45.0,30.0,0.547,0.6963,1.2177,0.7207,0.313,0.5486,0.9608,False,True,True,False,False,0.9608
P08,motion,8,v1,Study,12,sampling,True,R7 170m Astell Street → Burnsall Street → King's Road,13:47:10,58,69.9,11.3,37.7,8,0.0,44.97,29.7,37.5,63.3,0.8411,0.5979,0.5912,0.8997,0.7695,0.191,0.1495,35.0,40.0,60.0,65.0,65.0,1.0934,0.7773,0.7686,1.2298,1.0004,0.2483,0.2346,True,True,True,True,False,0.4
P08,motion,8,v1,Study,13,sampling,False,R1 215m Draycott Place,13:47:50,18,39.8,41.1,53.6,0,0.0,37.96,57.8,40.0,60.0,0.3133,0.0399,0.3669,0.0074,0.254,0.8258,0.8676,40.0,40.0,65.0,60.0,55.0,0.4073,0.0519,0.477,0.6052,0.3302,1.0735,0.8808,False,False,False,False,True,0.8808
P08,motion,8,v1,Study,14,sampling,False,R2 165m Cliveden Place,13:48:19,14,29.3,39.8,54.1,0,0.0,44.91,57.5,57.5,46.7,0.0554,0.5323,0.1863,0.6348,0.888,0.3266,0.2848,55.0,60.0,45.0,35.0,60.0,0.072,0.692,0.2422,1.0444,1.1544,0.4246,0.3563,False,True,False,True,False,0.4
P08,motion,8,v1,Study,15,sampling,True,R3 283m Basil Street → Hans Road → Brompton Road,13:49:04,31,45.0,32.2,53.0,5,0.0,36.33,54.2,40.0,48.3,0.6934,0.6063,0.5993,0.1318,0.6684,0.3984,0.3614,40.0,40.0,70.0,45.0,30.0,0.9014,0.7882,0.7791,0.6923,0.8689,0.5179,0.4253,True,True,True,True,False,0.4253
P08,motion,8,v1,Study,16,optimization,False,R7 170m Astell Street → Burnsall Street → King's Road,13:52:35,70,89.1,9.8,41.8,12,0.0,52.32,27.4,70.0,56.7,0.9619,0.9733,0.5538,0.1653,0.7182,0.7253,0.171,65.0,75.0,55.0,60.0,55.0,1.2505,1.2653,0.7199,0.7157,0.9337,0.9429,0.2539,True,True,True,True,True,0.4
P08,motion,8,v1,Study,17,optimization,True,R1 215m Draycott Place,13:55:20,20,42.2,37.2,53.5,0,0.0,35.23,43.7,32.5,63.3,0.9788,0.701,0.9249,0.899,1.0,0.3314,0.1859,35.0,30.0,65.0,60.0,65.0,1.2724,0.9113,1.2024,1.2293,1.3,0.4308,0.2673,True,True,True,True,False,0.4
P08,motion,8,v1,Study,18,optimization,False,R2 165m Cliveden Place,13:57:55,38,59.1,15.2,52.7,1,0.0,43.04,81.9,47.5,53.3,1.0,0.4109,0.4786,0.1817,0.9347,0.8422,0.5346,35.0,60.0,65.0,35.0,60.0,1.3,0.5342,0.6222,0.7272,1.2151,1.0949,0.5811,True,False,True,True,True,0.5811
P08,motion,8,v1,Study,19,optimization,False,R3 283m Basil Street → Hans Road → Brompton Road,14:00:50,45,62.2,21.7,52.7,2,0.0,38.11,35.1,62.5,55.0,0.8993,0.5306,0.9343,1.0,0.4247,0.3407,0.2942,65.0,60.0,65.0,35.0,65.0,1.1691,0.6898,1.2146,1.3,0.5521,0.4429,0.3648,True,True,True,False,False,0.4
P08,motion,8,v1,Study,20,optimization,True,R7 170m Astell Street → Burnsall Street → King's Road,14:03:56,45,59.3,14.0,36.1,10,0.0,36.73,38.2,72.5,55.0,0.8999,0.7277,0.9875,0.996,0.6808,0.2964,0.4511,65.0,80.0,65.0,30.0,70.0,1.1699,0.946,1.2838,1.2972,0.885,0.3853,0.506,True,True,True,True,False,0.506
P08,motion,8,v1,Study,21,finaldesign,,R1 215m Draycott Place,14:04:31,19,34.7,39.5,53.6,1,0.0,39.05,59.9,72.5,56.7,0.607,0.192,0.033,0.115,0.732,0.724,0.729,75.0,70.0,70.0,35.0,65.0,0.7891,0.2496,0.0429,0.6805,0.9516,0.9412,0.7561,True,False,False,True,True,0.7561
